,wq,ws
0,6.653408309884071,429.1971203694215
