,hora_llegada,reproceso,termina_servicio,fila
0,81.0,0.0,87.245643514384795,0.0
1,115.0,0.0,121.80631026592795,0.0
2,158.0,0.0,164.45231902860598,0.0
3,195.0,0.0,200.81411338038086,0.0
4,232.0,0.0,238.36761825830607,0.0
